SELECT * FROM warehouse2.cities;
CREATE TABLE CITIES (
CITY_ID integer AUTO_INCREMENT NOT NULL,
CITY CHAR(20) NOT NULL,
STATE char(20) NOT NULL,
primary key(CITY_ID)
);
INSERT INTO CITIES ( CITY, STATE)
VALUE ('Ranchi' ,'Jharkhand');
INSERT INTO CITIES ( CITY, STATE)
VALUE ('Bengluru' ,'Karnataka');
INSERT INTO CITIES ( CITY, STATE)
VALUE ('Thiruvananthapuram' ,'Kerala');
INSERT INTO CITIES ( CITY, STATE)
VALUE ('Bhopal' ,'Madhya Pradesh');
INSERT INTO CITIES ( CITY, STATE)
VALUE ('Imphal' ,'Manipur');
INSERT INTO CITIES ( CITY, STATE)
VALUE ('Shillong' ,'Meghalaya');
INSERT INTO CITIES ( CITY, STATE)
VALUE ('Aizawl' ,'Mizoram');
INSERT INTO CITIES ( CITY, STATE)
VALUE ('Kohima' ,'Nagaland');
INSERT INTO CITIES ( CITY, STATE)
VALUE ('Pune' ,'Maharashtra'),
('Mumbai','Maharashtra'),
('Dehradun','Uttarakhand');
CREATE TABLE WAREHOUSE(
W_ID integer AUTO_INCREMENT NOT NULL ,
W_NAME CHAR(30) NOT NULL,
W_LOCATION integer NOT NULL,
FOREIGN KEY(W_LOCATION)
REFERENCES CITIES(CITY_ID),
EXTRA_INFO JSON,
primary key(W_ID)
);
SELECT * FROM CITIES;
INSERT INTO WAREHOUSE(W_NAME,W_LOCATION,EXTRA_INFO)
VALUE('RACHI CENTRAL',1,NULL),('BENGLURU CENTRAL', 2, NULL),('BHOPAL CENTRAL',4, NULL),('IMPHAL CENTRAL',5,NULL),('MUMBAI CENTRAL', 10 ,NULL),('PUNE CENTRAL',9, NULL),('DEHRADUN CENTRAL', 11, NULL);
SELECT * FROM WAREHOUSE;
CREATE TABLE STORES(
S_ID integer NOT NULL AUTO_INCREMENT ,
STORE_NAME CHAR(20),
S_LOCATION_CITY integer, 
FOREIGN KEY(S_LOCATION_CITY)
REFERENCES WAREHOUSE(W_LOCATION),
PRIMARY KEY(S_ID));
INSERT INTO STORES(STORE_NAME,S_LOCATION_CITY)
VALUE('Precise Store',1),('Springoo',2),('Lifestyle Store',4),('Unique Spot',5),('Chefly',10),('Beauty Deck',9),('OLIVE',11);
SELECT* FROM STORES;
CREATE TABLE CUSTOMER(
C_NO INTEGER NOT NULL,
C_NAME CHAR(50),
ADDR VARCHAR(50),
CU_CITY INTEGER,
FOREIGN KEY(CU_CITY)
REFERENCES CITIES(CITY_ID),
PRIMARY KEY(C_NO));
INSERT INTO CUSTOMER(
C_NO,
C_NAME,
ADDR,
CU_CITY
)
VALUE(1,'ANUJ MISHRA', '1949 Williams Lane',9),(2,'SUMIT','825 Giraffe Hill Drive',1),(3,'AFZAL','DELHIHART NORTH',10),(4,'ABHISHEK','DEFENSE COLLONEY',5),(5,'TELANI','VIJAY NAGAR',7),(6,'VIJAY','HOLAND HILLS',4),(7,'ARJUN','TEXAS',10),(8,'KAMAL','GirafD H D',5),(9,'AJAY','Giraffe Hill Drive',2);
CREATE TABLE ORDERS(
O_NO integer NOT NULL ,
O_DATE datetime NOT NULL,
O_BY INTEGER NOT NULL,
FOREIGN KEY(O_BY)
REFERENCES CUSTOMER(C_NO),
PRIMARY KEY(O_NO)
);
SELECT * FROM CUSTOMER;
INSERT INTO ORDERS(
O_NO,O_DATE,
O_BY)
VALUE(9,'2022-06-18 11:43:31',2);
SELECT * FROM ORDERS;
CREATE TABLE ITEMS(
ITEM_NO INTEGER,
ITEM_DISCRIPTION TEXT,
ITEM_WEIGHT decimal(5,2),
ITEM_COST DECIMAL(5,2),
PRIMARY KEY(ITEM_NO)
); 
INSERT INTO ITEMS(
ITEM_NO,ITEM_DISCRIPTION,ITEM_WEIGHT,ITEM_COST)
VALUE(137,'KEYBORD',10,499),(140,'MOUSE',100,500),(207,'MONITER SCREEN',15,499),(112,'CHAIR',25,120);
SELECT * FROM ITEMS;
SELECT * FROM ORDERS;


CREATE TABLE ORDER_SUMMERY(
O_NO INTEGER,
ITEM_NO INTEGER,
QUANTITY INTEGER,
FOREIGN KEY(O_NO)
REFERENCES ORDERS(O_NO),
FOREIGN KEY(ITEM_NO)
REFERENCES ITEMS(ITEM_NO));

INSERT INTO ORDER_SUMMERY(O_NO,ITEM_NO,QUANTITY)
VALUE(2,102,3),(3,102,7),(4,112,4),(5,137,1),(6,140,5),(7,207,4),(9,137,4);
SELECT * FROM ORDER_SUMMERY;

CREATE TABLE IN_STOCK(
S_ID INTEGER,
ITEM_NO INTEGER,
IN_STOCK_QUANTITY INTEGER,
FOREIGN KEY(S_ID)
REFERENCES STORES(S_ID),
FOREIGN KEY(ITEM_NO)
REFERENCES ITEMS(ITEM_NO));
INSERT INTO IN_STOCK(S_ID,ITEM_NO,IN_STOCK_QUANTITY)
VALUE(1,102,200),(2,102,150),(3,112,435),(4,137,322),(5,140,53),(7,207,46),(5,137,344);
